"section","abbreviation","full_name","meaning_zh","note"
"一、时间和报告","UTC","Coordinated Universal Time","协调世界时","邮件时间头写 UTC+08:00 就是北京时间；出现 112 次"
"一、时间和报告","LT","Local Time","当地时间","事件时间常写 LT，注意别和 UTC 混"
"一、时间和报告","ETA","Estimated Time of Arrival","预计到港时间","出现 55 次"
"一、时间和报告","ETB","Estimated Time of Berthing","预计靠泊时间",""
"一、时间和报告","ETD","Estimated Time of Departure","预计离港时间",""
"一、时间和报告","EOSP","End of Sea Passage","海上航行结束（船到达引航站或锚地）",""
"一、时间和报告","COSP","Commencement of Sea Passage","海上航行开始（离港后）",""
"一、时间和报告","NOR","Notice of Readiness","准备就绪通知：船到了、可以装卸货，之后开始计算装卸货时间","出现 31 次"
"一、时间和报告","SOF","Statement of Facts","事实记录：港口作业每一步的时间流水账",""
"一、时间和报告","DLOSP","Dropping Last Outward Sea Pilot","放下最后一名出港引航员：交船、还船常用这个时间点","出现 13 次"
"一、时间和报告","Noon / Daily report","—","日报：船长每天固定时间发的位置、油耗、天气","占全部邮件近一半，基本只是信息"
"二、燃油","ROB","Remaining On Board","船上剩余的燃油量","出现 61 次；交船、还船都要核对"
"二、燃油","BROB","Bunkers Remaining On Board","船上剩余燃油量（另一种写法）",""
"二、燃油","VLSFO","Very Low Sulphur Fuel Oil","超低硫燃料油，主机主要用油","出现 100 次"
"二、燃油","LSMGO","Low Sulphur Marine Gas Oil","低硫船用柴油，发电机等用","出现 79 次"
"二、燃油","IFO","Intermediate Fuel Oil","中间燃料油",""
"二、燃油","HSFO / ULSFO / HSDGO / ULSDGO / VLSDGO","—","高硫燃油 / 特低硫燃油 / 高硫柴油 / 特低硫柴油 / 超低硫柴油","日报里成排出现的燃油种类，多数是 0"
"二、燃油","Bunker","—","燃油；也指加油",""
"二、燃油","FW","Fresh Water","淡水",""
"三、合同和单证","CP","Charter Party","租约：船东和租家之间的合同",""
"三、合同和单证","CPDD","Charter Party Dated","租约签署日期。邮件主题里写 ""CPDD 03APR2025""，用来标识是哪份合同","出现 50 次"
"三、合同和单证","Owners","—","船东",""
"三、合同和单证","Head charterer / Sub-charterer","—","头租家（直接向船东租船）/ 转租家（再从头租家租船）","同样是还船，谁向谁还，处理方式不同"
"三、合同和单证","TC","Time Charter","期租：按天付租金",""
"三、合同和单证","TCT","Time Charter Trip","期租航次：按一个航次的期租，租期较短",""
"三、合同和单证","Delivery / Redelivery","—","交船 / 还船",""
"三、合同和单证","Off-hire","—","停租：船因故不能用，租家不付租金的时段",""
"三、合同和单证","Laycan","Laydays / Cancelling","受载期：船必须到达装货港的时间窗口",""
"三、合同和单证","Recap / Clean recap","—","成交确认：租约谈妥后的要点汇总",""
"三、合同和单证","LOI","Letter of Indemnity","赔偿保函：没有正本提单也先放货，出了问题由租家承担。有风险","出现 41 次"
"三、合同和单证","B/L","Bill of Lading","提单",""
"三、合同和单证","CERT","Certificate","证书",""
"三、合同和单证","DOCS","Documents","单证、文件",""
"四、港口和货物","PSC","Port State Control","港口国检查",""
"四、港口和货物","LP","Load Port","装货港（LP Agent = 装货港代理）",""
"四、港口和货物","DISCHG","Discharge","卸货",""
"四、港口和货物","CTM","Cash to Master","给船长的现金（船上需要付钱时用）",""
"四、港口和货物","DA / FDA","Disbursement Account / Final Disbursement Account","港口费用账单 / 最终账单",""
"四、港口和货物","P&I","Protection & Indemnity","保赔协会：船东的责任保险（P&I Club）",""
"四、港口和货物","RightShip","—","船舶检查和审核机构，检查船况",""
"四、港口和货物","MT / WMT","Metric Ton / Wet Metric Ton","公吨 / 湿吨（含水分的货物重量，镍矿常用）",""
"四、港口和货物","DWT","Deadweight","载重吨",""
"五、其他","IRIDIUM","—","铱星：船上的卫星通信",""
"五、其他","USD","—","美元",""
"五、其他","TEL","Telephone","电话",""
"六、还没确认的（请问 partner 后补上）","ETCD","（推测）Estimated Time of Commencing Discharge","（推测）预计开始卸货时间","出现 15 次"
"六、还没确认的（请问 partner 后补上）","WP","（推测）Weather Permitting","（推测）天气允许","出现 14 次"
"六、还没确认的（请问 partner 后补上）","BKK","？","？（推测是某个办公室或城市）","出现 74 次"
"六、还没确认的（请问 partner 后补上）","PF","？","？","出现 13 次，例如 ""PF related emails"""
"六、还没确认的（请问 partner 后补上）","CH","？","？","出现 50 次"
"六、还没确认的（请问 partner 后补上）","AFSPS CJK","？","？（和上海附近的交船地点有关）","交船条款里出现"
"二、其他缩写","Qte / Unqte","Quote / Unquote","引述开始 / 引述结束","One party relays another party's words between Qte and Unqte; the real author is inside the marks"
"二、其他缩写","回复:","Reply prefix","邮件主题的回复前缀（相当于 Re:）","The subject normaliser must strip it"
