vessel_code,source_document,voyages,owner_party,manager_party,vessel_mailbox_party
VSL-11,mock ledger,V101;V102;V103,CPY-01,OPR-01,CPY-08
VSL-12,mock ledger,V201;V202;V203,CPY-21,OPR-01,CPY-28
VSL-13,mock ledger,V301;V302;V303,CPY-41,OPR-01,CPY-48
VSL-14,mock ledger,V401;V402,CPY-61,OPR-01,CPY-68
VSL-15,mock ledger,V501;V502,CPY-71,OPR-01,CPY-78
VSL-16,mock ledger,V601;V602,CPY-81,OPR-01,CPY-88
VSL-17,mock ledger,V701,CPY-91,OPR-01,CPY-98
VSL-18,mock ledger,V801,CPY-101,OPR-01,CPY-108
VSL-19,mock ledger,V901,CPY-111,OPR-01,CPY-118
VSL-20,mock ledger,V1001,CPY-121,OPR-01,CPY-128
