event_type,default_needs_action,outbound_needs_action,default_action_types,decision_basis,task_key,task_policy,escalate_when,notes,default_priority,default_due_type
Vessel Schedule Update (ETA/ETB/ETD),Action Required,FYI - No Action,Update Vessel Schedule (ETA/ETB/ETD);Notify Party (Agent / P&I / Manager),Voyage Instructions / Charterers' Orders,vessel+voyage+port+schedule,update,ETA moves past a laycan or delivery window -> priority 4,,3,Others
Voyage Instructions / Port Nomination,Action Required,Waiting for Reply,Reply / Confirm to Counterparty;Review Quotation / Plan / Proposal,Voyage Instructions / Charterers' Orders,vessel+voyage+nomination,update,port nomination outside the CP trading limits -> Approval Required,,3,Others
Delivery Notice,Action Required,FYI - No Action,Track Contractual Notice / Deadline;Check CP Terms,CP terms,vessel+voyage+delivery,update,notice period shorter than the CP requires -> priority 4,"20-day, 10-day... notices come as a series: one task, each notice updates it",3,Delivery
Redelivery Notice,Action Required,FYI - No Action,Track Contractual Notice / Deadline;Reserve Rights / Reply Without Prejudice,CP terms,vessel+voyage+redelivery,update,redelivery date or place differs from the CP -> priority 4,,3,Redelivery
Hire / SOA / Payment,Action Required,Waiting for Reply,Check Hire / Invoice / Payment,Credit / Payment Policy,vessel+voyage+hire_period,update,payment overdue -> priority 5; amount differs from the CP -> priority 4,,3,Hire
Bunker (Stem / Quote / ROB / Quality),Action Required,Waiting for Reply,Confirm Bunker ROB / Stem;Review Quotation / Plan / Proposal,Bunker Policy / Bunker Procurement Procedure,vessel+port+bunker_stem,update,ROB below the safe level before the next bunker port -> priority 5,quote and stem confirmation share the task,3,Others
Loading / Cargo Operations,Action Required,FYI - No Action,Verify / Reconcile Report Data,Voyage Instructions / Charterers' Orders,vessel+voyage+loadport,update,,,3,Others
Discharging,Action Required,FYI - No Action,Verify / Reconcile Report Data,Voyage Instructions / Charterers' Orders,vessel+voyage+dischport,update,quantity difference between the B/L and the draft survey -> priority 4,,3,Others
Notice of Readiness / Laytime / Demurrage,Action Required,Waiting for Reply,Track Contractual Notice / Deadline;Prepare Claim / Record Evidence,CP terms,vessel+voyage+port+laytime,update,time bar close to its end -> priority 5,,3,Others
Hold Cleaning / Cargo Hold Condition,Action Required,Waiting for Reply,Reply / Confirm to Counterparty;Collect / Chase Documents,Voyage Instructions / Charterers' Orders,vessel+voyage+hold_cleaning,update,,,3,Others
Survey Arrangement / Quotation,Approval Required,Waiting for Reply,Arrange Survey;Review Quotation / Plan / Proposal;Seek Internal Approval,Delegation of Authority / Approval Matrix,vessel+voyage+survey,update,quotation above the approval limit -> Approval Required (needs a person),,3,Others
Off-hire,Action Required,Waiting for Reply,Prepare Claim / Record Evidence;Reserve Rights / Reply Without Prejudice,CP terms,vessel+voyage+offhire_event,update,always shown to a person,,4,Others
Claim,Action Required,Waiting for Reply,Prepare Claim / Record Evidence;Reserve Rights / Reply Without Prejudice,Claims Handling Procedure / Time Bar,claim_ref,update,time bar; never reply without a person,,4,Others
LOI (Letter of Indemnity),Approval Required,Waiting for Reply,"Prepare / Issue Document (LOI, Notice, Statement);Seek Internal Approval",LOI Policy / Standard LOI Wording,vessel+voyage+loi,update,LOI wording differs from the standard -> priority 4,,4,Others
P&I / Insurance,Action Required,Waiting for Reply,Notify Party (Agent / P&I / Manager);Collect / Chase Documents,P&I Club Rules / Circulars / Correspondent Advice,pi_case_ref,update,,,3,Others
Weather Routing / Speed & Consumption,FYI - No Action,FYI - No Action,Verify / Reconcile Report Data,Vessel Particulars / Technical Data (Speed & Consumption),vessel+voyage+performance,update,speed or consumption outside the CP warranty -> priority 4,,1,
Vessel Report (Noon / Arrival / Berthing / Sailing / Daily),FYI - No Action,FYI - No Action,No Action,,,facts_only,values out of range -> Action Required,never creates a task; only updates vessel facts,1,
Stowage Plan / Cargo Clauses,Action Required,Waiting for Reply,Review Quotation / Plan / Proposal;Reply / Confirm to Counterparty,Voyage Instructions / Charterers' Orders,vessel+voyage+stowage,update,,,3,Others
"Cash to Master / Supply (CTM, Fresh Water, Provisions)",Approval Required,Waiting for Reply,Arrange Cash / Supply;Seek Internal Approval,Delegation of Authority / Approval Matrix,vessel+port+ctm,update,amount above the limit -> Approval Required (needs a person),,3,Invoice
Port Agency / Port Costs (DA),Action Required,Waiting for Reply,Check Hire / Invoice / Payment;Review Quotation / Plan / Proposal,Approved Vendor / Supplier List,vessel+port+da,update,,,3,Invoice
Port Delay / Congestion / Strike,Action Required,FYI - No Action,Notify Party (Agent / P&I / Manager);Update Vessel Schedule (ETA/ETB/ETD),Voyage Instructions / Charterers' Orders,vessel+port+delay,update,,,4,Others
Crew (Change / Medical),Action Required,Waiting for Reply,Notify Party (Agent / P&I / Manager),SMS (ISM Safety Management System) Procedure,vessel+crew_event,update,medical case -> priority 5,,5,Others
Vessel Defect / Repair / Breakdown,Action Required,Waiting for Reply,Notify Party (Agent / P&I / Manager);Prepare Claim / Record Evidence,SMS (ISM Safety Management System) Procedure,vessel+defect,update,always shown to a person,,5,Others
Inspection / Vetting / PSC,Action Required,Waiting for Reply,Collect / Chase Documents;Reply / Confirm to Counterparty,Class / Flag State Requirements,vessel+inspection,update,deficiency -> priority 4,,3,Others
CP Terms / Recap / Addendum,Approval Required,Waiting for Reply,Check CP Terms;Seek Internal Approval,CP terms,cp_ref,update,any change to clauses -> needs a person,,3,Others
Sanctions / Compliance / KYC,Action Required,Waiting for Reply,Collect / Chase Documents;Seek Internal Approval,Sanctions / Compliance Policy,party+kyc,update,always shown to a person,,4,Others
Fixture Enquiry / Offer / Counter,Approval Required,Waiting for Reply,Review Quotation / Plan / Proposal;Seek Internal Approval,Delegation of Authority / Approval Matrix,fixture_ref,update,,,3,Others
General / FYI,FYI - No Action,FYI - No Action,No Action,,,none,,,1,
